{
    "configs/HBM2_8GB/1_stack.ini": {
        "4": 141.94059405940595,
        "5": 141.94059405940595,
        "6": 141.94059405940595,
        "7": 141.94059405940595,
        "8": 141.94059405940595,
        "9": 198.6865671641791,
        "10": 198.6865671641791,
        "11": 198.6865671641791,
        "12": 217.72757475083057,
        "13": 217.72757475083057,
        "14": 227.2718204488778,
        "15": 227.2718204488778,
        "16": 227.2718204488778,
        "17": 233.0059880239521,
        "18": 236.83194675540767,
        "19": 236.83194675540767,
        "20": 239.5663338088445,
        "21": 239.5663338088445,
        "22": 241.61797752808988,
        "23": 243.21420643729192,
        "24": 243.21420643729192,
        "25": 244.49150849150848,
        "26": 245.12988192552228,
        "27": 245.66194837635302,
        "28": 246.40737893927746,
        "29": 247.09207708779445,
        "30": 247.68554297135242,
        "31": 248.20487195502812,
        "32": 248.20487195502812,
        "33": 249.070516379789,
        "34": 249.43503419253025,
        "35": 249.7631184407796,
        "36": 250.05997144217037,
        "37": 250.32985006815085,
        "38": 250.57627118644066,
        "39": 250.80216576426488,
        "40": 251.00999600159938,
        "41": 251.3794890781192,
        "42": 251.5444484112817,
        "43": 251.69803516028952,
        "44": 251.97549177684618,
        "45": 252.10121836925958,
        "46": 252.33049103204937,
        "47": 252.43530419880034,
        "48": 252.53429602888087,
        "49": 252.71665351223362,
        "50": 247.37815546113472,
        "51": 241.34601316752008,
        "52": 235.00395256917,
        "53": 235.48102703930925,
        "54": 236.37296239947838,
        "55": 237.19058529473025,
        "56": 237.57437257702512,
        "57": 238.29680454812782,
        "58": 238.90435766836447,
        "59": 239.51427013270313,
        "60": 240.09261533064375,
        "61": 240.6317573292662,
        "62": 241.1355515489264,
        "63": 241.60736391049036,
        "64": 241.83221371660676,
        "65": 242.46649753768097,
        "66": 242.85871612809734,
        "67": 243.22884100830868,
        "68": 243.5786878509793,
        "69": 243.90987868284228,
        "70": 244.2238670302558,
        "71": 241.77597772433867,
        "72": 235.80693741513394,
        "73": 235.94905368408521,
        "74": 236.4153005464481,
        "75": 236.8603567776389,
        "76": 237.47016811339415,
        "77": 237.76540156972368,
        "78": 238.29517758566814,
        "79": 238.65646362616062,
        "80": 239.00329967003302,
        "81": 239.49830113581208,
        "82": 239.9652862937459,
        "83": 240.26219794463475,
        "84": 240.6875056301234,
        "85": 240.95849924785415,
        "86": 241.3474700456857,
        "87": 237.74271069658013,
        "88": 235.516403603008,
        "89": 236.0119345214096,
        "90": 236.4840563735139,
        "91": 236.91469886931773,
        "92": 237.2441169836855,
        "93": 237.65781927799424,
        "94": 238.05366520394216,
        "95": 238.4327864234913,
        "96": 238.67675855843345,
        "97": 239.14492264036213,
        "98": 239.47976955168534,
        "99": 239.80157132653727,
        "100": 238.725176740335,
        "101": 235.52927942003623,
        "102": 235.9060180357033,
        "103": 236.26914041322811,
        "104": 236.60801136027453,
        "105": 236.96757412866307,
        "106": 237.29197204704275,
        "107": 237.60549689961456,
        "108": 238.00754057155345,
        "109": 238.29772592871353,
        "110": 238.67038576917003,
        "111": 238.93974405471218,
        "112": 238.09070965767052,
        "113": 235.65221738913056,
        "114": 236.0511739620607,
        "115": 236.34027341674314,
        "116": 236.66442348703853,
        "117": 236.93547030512593,
        "118": 237.28526214393835,
        "119": 237.62244943921448,
        "120": 237.86747255677528,
        "121": 238.18418409676434,
        "122": 238.4900218874726,
        "123": 235.70988565883295,
        "124": 235.84747520849757,
        "125": 236.17648259254725,
        "126": 236.4486566804546,
        "127": 236.74004980040314,
        "128": 236.96574352564352,
        "129": 237.3303704838895,
        "130": 237.61216557865743,
        "131": 237.88558046169288,
        "132": 238.1509834804586,
        "133": 235.59467167250278,
        "134": 235.88512864310877,
        "135": 236.16743272165888,
        "136": 236.38656101864987,
        "137": 236.72011156083127,
        "138": 236.9788933257273,
        "139": 237.23082017151748,
        "140": 237.53649718250222,
        "141": 237.77396225201764,
        "142": 235.59153191354707,
        "143": 235.84662979281902,
        "144": 236.09542915342118,
        "145": 236.34539983587126,
        "146": 236.6396215682165,
        "147": 236.86873169432857,
        "148": 237.14760502609255,
        "149": 237.3649174375378,
        "150": 237.0114485383938,
        "151": 235.71059634183916,
        "152": 235.935403451428,
        "153": 236.18327368104696,
        "154": 236.44688822403708,
        "155": 236.70689609318902,
        "156": 236.9600797879321,
        "157": 237.206704489521,
        "158": 236.89215109587988,
        "159": 235.71930001767632,
        "160": 235.9221019474513,
        "161": 236.1825570798749,
        "162": 236.42052504805233,
        "163": 236.65584961899955,
        "164": 236.8855846654474,
        "165": 237.10992699701885,
        "166": 236.2302498781931,
        "167": 235.75532671269008,
        "168": 235.98485295118022,
        "169": 236.21771325026288,
        "170": 236.43653901462355,
        "171": 236.65057657381678,
        "172": 236.901319625926,
        "173": 237.1053609965599,
        "174": 235.6973059640092,
        "175": 235.90922945241226,
        "176": 236.0810727051094,
        "177": 236.32497295973548,
        "178": 236.56297252071528,
        "179": 236.7569509590627,
        "180": 236.98467485848403,
        "181": 235.65289740434758,
        "182": 235.88857357966063,
        "183": 236.09808973111203,
        "184": 236.28619496795903,
        "185": 236.50728023775255,
        "186": 236.72346167353652,
        "187": 236.53827169521583,
        "188": 235.73678595323773,
        "189": 235.94740702313015,
        "190": 236.13882940124955,
        "191": 236.3475245617415,
        "192": 236.51811600493048,
        "193": 236.7520282670966,
        "194": 235.62465832498597,
        "195": 235.83012050217644,
        "196": 236.0048584882115,
        "197": 236.20250078252417,
        "198": 236.39627412277122,
        "199": 236.58629101306929,
        "200": 236.42450520791667,
        "201": 235.7501938260471,
        "202": 235.9245779846711,
        "203": 236.10068166643376,
        "204": 236.31464954455384,
        "205": 236.49442169829987,
        "206": 236.37234379000316,
        "207": 235.7132580110745,
        "208": 235.89047499297348,
        "209": 236.0834541221944,
        "210": 236.2855031086506,
        "211": 236.45545322624673,
        "212": 236.3414460676235,
        "213": 235.71797294819538,
        "214": 235.90374436111225,
        "215": 236.08857415526757,
        "216": 236.25245195539154,
        "217": 236.44026575725871,
        "218": 235.9871334167777,
        "219": 235.76602978626954,
        "220": 235.93199561432476,
        "221": 236.11586235782255,
        "222": 236.29639044889174,
        "223": 236.47367000424157,
        "224": 235.6271986326705,
        "225": 235.83298190679406,
        "226": 235.98803519355204,
        "227": 236.1618342204191,
        "228": 236.332640434927,
        "229": 236.23516786380654,
        "230": 235.72609762880742,
        "231": 235.8847495833383,
        "232": 236.05065338105373,
        "233": 236.23863087596143,
        "234": 236.40022896928772,
        "235": 235.65891472868216,